subject,name,file,count
301,301_a,in/sb/301_a.png,17
301,301_b,in/sb/301_b.png,17
302,302_a,in/sb/302_a.png,6
302,302_b,in/sb/302_b.png,6
303,303_a,in/sb/303_a.png,7
303,303_b,in/sb/303_b.png,7
304,304_a,in/sb/304_a.png,4
304,304_b,in/sb/304_b.png,4
305,305_a,in/sb/305_a.png,4
305,305_b,in/sb/305_b.png,4
306,306_a,in/sb/306_a.png,7
306,306_b,in/sb/306_b.png,7
307,307_b,in/sb/307_b.png,6
308,308_a,in/sb/308_a.png,7
308,308_b,in/sb/308_b.png,7
309,309_a,in/sb/309_a.png,10
309,309_b,in/sb/309_b.png,10
310,310_a,in/sb/310_a.png,10
310,310_b,in/sb/310_b.png,10
311,311_a,in/sb/311_a.png,6
311,311_b,in/sb/311_b.png,6
312,312_a,in/sb/312_a.png,8
312,312_b,in/sb/312_b.png,8
313a,313a_a,in/sb/313a_a.png,8
313b,313b_a,in/sb/313b_a.png,7
314,314_a,in/sb/314_a.png,12
315,315_a,in/sb/315_a.png,12
315,315_b,in/sb/315_b.png,12
316a,316a_a,in/sb/316a_a.png,12
316b,316b_a,in/sb/316b_a.png,16
316c,316c_a,in/sb/316c_a.png,16
316d,316d_a,in/sb/316d_a.png,15
317,317_a,in/sb/317_a.png,15
317,317_b,in/sb/317_b.png,15
318,318_a,in/sb/318_a.png,11
318,318_b,in/sb/318_b.png,11
319,319_a,in/sb/319_a.png,7
319,319_b,in/sb/319_b.png,7
320,320_a,in/sb/320_a.png,2
320,320_b,in/sb/320_b.png,2
321,321_a,in/sb/321_a.png,7
321,321_b,in/sb/321_b.png,7
322,322_a,in/sb/322_a.png,3
322,322_b,in/sb/322_b.png,3
323,323_a,in/sb/323_a.png,9
323,323_b,in/sb/323_b.png,9
324,324_a,in/sb/324_a.png,10
324,324_b,in/sb/324_b.png,10
325,325_a,in/sb/325_a.png,5
325,325_b,in/sb/325_b.png,5
326,326_a,in/sb/326_a.png,3
326,326_b,in/sb/326_b.png,3
327,327_a,in/sb/327_a.png,5
327,327_b,in/sb/327_b.png,5
328a,328a_a,in/sb/328a_a.png,10
328b,328b_a,in/sb/328b_a.png,11
329,329_a,in/sb/329_a.png,0
329,329_b,in/sb/329_b.png,0
330,330_a,in/sb/330_a.png,0
330,330_b,in/sb/330_b.png,0
331,331_a,in/sb/331_a.png,6
331,331_b,in/sb/331_b.png,6
332,332_a,in/sb/332_a.png,1
332,332_b,in/sb/332_b.png,1
333,333_a,in/sb/333_a.png,3
333,333_b,in/sb/333_b.png,3
334,334_a,in/sb/334_a.png,4
334,334_b,in/sb/334_b.png,4
335,335_a,in/sb/335_a.png,2
335,335_b,in/sb/335_b.png,2
336,336_a,in/sb/336_a.png,8
336,336_b,in/sb/336_b.png,8
337,337_a,in/sb/337_a.png,6
337,337_b,in/sb/337_b.png,6
338,338_a,in/sb/338_a.png,3
338,338_b,in/sb/338_b.png,3
339,339_a,in/sb/339_a.png,1
339,339_b,in/sb/339_b.png,1
340,340_a,in/sb/340_a.png,3
340,340_b,in/sb/340_b.png,3
341,341_a,in/sb/341_a.png,1
341,341_b,in/sb/341_b.png,1
342,342_a,in/sb/342_a.png,2
342,342_b,in/sb/342_b.png,2
343,343_a,in/sb/343_a.png,2
343,343_b,in/sb/343_b.png,2
344,344_a,in/sb/344_a.png,3
344,344_b,in/sb/344_b.png,3
345,345_a,in/sb/345_a.png,5
345,345_b,in/sb/345_b.png,5
346,346_a,in/sb/346_a.png,5
346,346_b,in/sb/346_b.png,5
347,347_a,in/sb/347_a.png,4
347,347_b,in/sb/347_b.png,4
348,348_a,in/sb/348_a.png,4
348,348_b,in/sb/348_b.png,4
349,349_a,in/sb/349_a.png,2
349,349_b,in/sb/349_b.png,2
350,350_a,in/sb/350_a.png,3
350,350_b,in/sb/350_b.png,3
351,351_a,in/sb/351_a.png,0
351,351_b,in/sb/351_b.png,0
352,352_a,in/sb/352_a.png,1
352,352_b,in/sb/352_b.png,1
353,353_a,in/sb/353_a.png,8
353,353_b,in/sb/353_b.png,8
354,354_a,in/sb/354_a.png,7
354,354_b,in/sb/354_b.png,7
355,355_a,in/sb/355_a.png,0
355,355_b,in/sb/355_b.png,0
356,356_a,in/sb/356_a.png,0
356,356_b,in/sb/356_b.png,0
357,357_a,in/sb/357_a.png,1
357,357_b,in/sb/357_b.png,1
358,358_a,in/sb/358_a.png,0
358,358_b,in/sb/358_b.png,0
359,359_a,in/sb/359_a.png,12
360,360_a,in/sb/360_a.png,0
360,360_b,in/sb/360_b.png,0
361,361_a,in/sb/361_a.png,0
361,361_b,in/sb/361_b.png,0
362,362_a,in/sb/362_a.png,2
362,362_b,in/sb/362_b.png,2
363,363_a,in/sb/363_a.png,7
363,363_b,in/sb/363_b.png,7
364,364_a,in/sb/364_a.png,10
364,364_b,in/sb/364_b.png,10
365,365_a,in/sb/365_a.png,2
365,365_b,in/sb/365_b.png,2
366,366_a,in/sb/366_a.png,13
366,366_b,in/sb/366_b.png,13
367,367_a,in/sb/367_a.png,8
367,367_b,in/sb/367_b.png,8
368,368_a,in/sb/368_a.png,9
368,368_b,in/sb/368_b.png,9
369,369_a,in/sb/369_a.png,14
369,369_b,in/sb/369_b.png,14
370,370_a,in/sb/370_a.png,11
370,370_b,in/sb/370_b.png,11
371,371_a,in/sb/371_a.png,10
371,371_b,in/sb/371_b.png,10
372,372_a,in/sb/372_a.png,10
372,372_b,in/sb/372_b.png,10
373,373_a,in/sb/373_a.png,11
373,373_b,in/sb/373_b.png,11
374,374_a,in/sb/374_a.png,10
374,374_b,in/sb/374_b.png,10
375,375_a,in/sb/375_a.png,10
375,375_b,in/sb/375_b.png,10
376,376_a,in/sb/376_a.png,9
376,376_b,in/sb/376_b.png,9
377,377_a,in/sb/377_a.png,7
377,377_b,in/sb/377_b.png,7
378,378_a,in/sb/378_a.png,2
378,378_b,in/sb/378_b.png,2
379,379_a,in/sb/379_a.png,9
379,379_b,in/sb/379_b.png,9
380,380_a,in/sb/380_a.png,8
380,380_b,in/sb/380_b.png,8
381,381_a,in/sb/381_a.png,0
381,381_b,in/sb/381_b.png,0
382,382_a,in/sb/382_a.png,2
382,382_b,in/sb/382_b.png,2
383,383_a,in/sb/383_a.png,0
383,383_b,in/sb/383_b.png,0
384,384_a,in/sb/384_a.png,0
384,384_b,in/sb/384_b.png,0
385,385_a,in/sb/385_a.png,0
385,385_b,in/sb/385_b.png,0
386,386_a,in/sb/386_a.png,4
386,386_b,in/sb/386_b.png,4
387,387_a,in/sb/387_a.png,0
387,387_b,in/sb/387_b.png,0
388,388_a,in/sb/388_a.png,5
388,388_b,in/sb/388_b.png,5
389,389_a,in/sb/389_a.png,11
389,389_b,in/sb/389_b.png,11
390,390_a,in/sb/390_a.png,8
390,390_b,in/sb/390_b.png,8
391,391_a,in/sb/391_a.png,4
391,391_b,in/sb/391_b.png,4
392a,392a_a,in/sb/392a_a.png,10
392b,392b_a,in/sb/392b_a.png,9
393,393_a,in/sb/393_a.png,5
393,393_b,in/sb/393_b.png,5
394a,394a_a,in/sb/394a_a.png,14
394b,394b_a,in/sb/394b_a.png,13
395,395_a,in/sb/395_a.png,5
395,395_b,in/sb/395_b.png,5
396a,396a_a,in/sb/396a_a.png,24
396b,396b_a,in/sb/396b_a.png,19
396c,396c_a,in/sb/396c_a.png,20
396d,396d_a,in/sb/396d_a.png,19
397,397_a,in/sb/397_a.png,13
397,397_b,in/sb/397_b.png,13
398b,398b_a,in/sb/398b_a.png,22
398c,398c_a,in/sb/398c_a.png,20
399,399_a,in/sb/399_a.png,12
399,399_b,in/sb/399_b.png,12
400,400_a,in/sb/400_a.png,13
400,400_b,in/sb/400_b.png,13
401,401_a,in/sb/401_a.png,8
401,401_b,in/sb/401_b.png,8
402,402_a,in/sb/402_a.png,9
402,402_b,in/sb/402_b.png,9
403,403_a,in/sb/403_a.png,8
403,403_b,in/sb/403_b.png,8
404,404_a,in/sb/404_a.png,8
404,404_b,in/sb/404_b.png,8
405,405_a,in/sb/405_a.png,12
405,405_b,in/sb/405_b.png,12
406,406_a,in/sb/406_a.png,13
406,406_b,in/sb/406_b.png,13
407,407_a,in/sb/407_a.png,14
407,407_b,in/sb/407_b.png,14
408,408_a,in/sb/408_a.png,12
408,408_b,in/sb/408_b.png,12
409,409_a,in/sb/409_a.png,13
409,409_b,in/sb/409_b.png,13
410,410_a,in/sb/410_a.png,9
410,410_b,in/sb/410_b.png,9
411,411_a,in/sb/411_a.png,13
411,411_b,in/sb/411_b.png,13
412,412_a,in/sb/412_a.png,15
412,412_b,in/sb/412_b.png,15
413,413_a,in/sb/413_a.png,12
413,413_b,in/sb/413_b.png,12
414,414_a,in/sb/414_a.png,10
414,414_b,in/sb/414_b.png,10
415,415_a,in/sb/415_a.png,11
415,415_b,in/sb/415_b.png,11
416,416_a,in/sb/416_a.png,6
416,416_b,in/sb/416_b.png,6
417,417_a,in/sb/417_a.png,7
417,417_b,in/sb/417_b.png,7
418,418_a,in/sb/418_a.png,5
418,418_b,in/sb/418_b.png,5
419a,419a_a,in/sb/419a_a.png,18
419a,419a_b,in/sb/419a_b.png,18
419b,419b_a,in/sb/419b_a.png,18
419b,419b_b,in/sb/419b_b.png,18
420,420_a,in/sb/420_a.png,7
420,420_b,in/sb/420_b.png,7
421,421_a,in/sb/421_a.png,9
421,421_b,in/sb/421_b.png,9
422,422_a,in/sb/422_a.png,1
422,422_b,in/sb/422_b.png,1
423,423_a,in/sb/423_a.png,11
423,423_b,in/sb/423_b.png,11
424a,424a_a,in/sb/424a_a.png,13
424b,424b_a,in/sb/424b_a.png,12
425,425_a,in/sb/425_a.png,13
425,425_b,in/sb/425_b.png,13
426,426_a,in/sb/426_a.png,12
426,426_b,in/sb/426_b.png,12
427,427_a,in/sb/427_a.png,12
427,427_b,in/sb/427_b.png,12
428b,428b_a,in/sb/428b_a.png,17
428b,428b_b,in/sb/428b_b.png,17
428,428_a,in/sb/428_a.png,17
428,428_b,in/sb/428_b.png,17
430,430_a,in/sb/430_a.png,10
430,430_b,in/sb/430_b.png,10
431,431_a,in/sb/431_a.png,9
431,431_b,in/sb/431_b.png,9
432,432_a,in/sb/432_a.png,13
